{
  "CustomLocations": [
    {
      "Name": "CayoPerico - Fuera de la puerta principal",
      "Pitch": -0.000000,
      "Roll": 0.000000,
      "X": 4973.980957,
      "Y": -5704.026367,
      "Yaw": -2.079631,
      "Z": 18.586962
    },
    {
      "Name": "CayoPerico - Dentro de la puerta principal",
      "Pitch": 0.000000,
      "Roll": 0.000000,
      "X": 4990.098633,
      "Y": -5720.870117,
      "Yaw": -0.522500,
      "Z": 18.580225
    },
    {
      "Name": "CayoPerico - Muelle principal",
      "Pitch": -0.000000,
      "Roll": 0.000000,
      "X": 4947.496094,
      "Y": -5168.458008,
      "Yaw": -1.074418,
      "Z": 1.234270
    },
    {
      "Name": "CayoPerico - Botín principal",
      "Pitch": -0.000000,
      "Roll": -0.000000,
      "X": 5010.065430,
      "Y": -5751.291504,
      "Yaw": 2.358333,
      "Z": 14.184451
    },
    {
      "Name": "CayoPerico - Oficina",
      "Pitch": -0.000000,
      "Roll": -0.001034,
      "X": 5010.203613,
      "Y": -5753.518555,
      "Yaw": 2.896446,
      "Z": 27.545284
    },
    {
      "Name": "CayoPerico - Botín de la bóveda",
      "Pitch": -0.000000,
      "Roll": 0.000000,
      "X": 4999.764160,
      "Y": -5747.863770,
      "Yaw": 0.000000,
      "Z": 14.840000
    },
    {
      "Name": "CayoPerico - Sala de almacenamiento1",
      "Pitch": -0.000000,
      "Roll": 0.000000,
      "X": 5080.922852,
      "Y": -5756.109375,
      "Yaw": -0.532875,
      "Z": 14.529646
    },
    {
      "Name": "CayoPerico - Sala de almacenamiento2",
      "Pitch": 0.000000,
      "Roll": -0.000000,
      "X": 5028.794922,
      "Y": -5735.571777,
      "Yaw": 0.763087,
      "Z": 16.565603
    },
    {
      "Name": "CayoPerico - Sala de almacenamiento3",
      "Pitch": -0.000000,
      "Roll": -0.000000,
      "X": 5008.020020,
      "Y": -5787.345215,
      "Yaw": 0.050862,
      "Z": 16.531713
    },
    {
      "Name": "CayoPerico - Central eléctrica",
      "Pitch": 0.000001,
      "Roll": 0.000001,
      "X": 4477.102539,
      "Y": -4597.295898,
      "Yaw": -1.480049,
      "Z": 4.283014
    },
    {
      "Name": "CayoPerico - torreestación",
      "Pitch": 0.000000,
      "Roll": 0.000000,
      "X": 4373.472168,
      "Y": -4579.726562,
      "Yaw": 3.107358,
      "Z": 2.907752
    },
    {
      "Name": "CayoPerico - Gancho de agarre#01",
      "Pitch": -0.000000,
      "Roll": 0.000000,
      "X": 5612.822266,
      "Y": -5651.190430,
      "Yaw": -1.439334,
      "Z": 8.753986
    },
    {
      "Name": "CayoPerico - Gancho de agarre#02",
      "Pitch": -0.000000,
      "Roll": 0.000000,
      "X": 4902.911133,
      "Y": -5331.958008,
      "Yaw": -1.847675,
      "Z": 27.841070
    },
    {
      "Name": "CayoPerico - AferramientoGanchoEntrada",
      "Pitch": -0.000000,
      "Roll": 0.000000,
      "X": 5034.804688,
      "Y": -5683.547852,
      "Yaw": 2.051319,
      "Z": 18.577477
    },
    {
      "Name": "CayoPerico - AferramientoGanchoEscape",
      "Pitch": -0.000000,
      "Roll": 0.000606,
      "X": 4996.041504,
      "Y": -5806.421875,
      "Yaw": 1.126279,
      "Z": 19.577658
    },
    {
      "Name": "CayoPerico - Torre de comunicaciones",
      "Pitch": -0.000000,
      "Roll": 0.000000,
      "X": 5266.018555,
      "Y": -5427.736328,
      "Yaw": -3.068842,
      "Z": 64.297134
    },
    {
      "Name": "CayoPerico - Botín del Muelle Principal #01",
      "Pitch": 0.000003,
      "Roll": 0.000001,
      "X": 4924.384766,
      "Y": -5243.334473,
      "Yaw": 0.799973,
      "Z": 1.223530
    },
    {
      "Name": "CayoPerico - Botín del Muelle Principal #02",
      "Pitch": -0.000000,
      "Roll": -0.000000,
      "X": 4999.082520,
      "Y": -5165.239746,
      "Yaw": -1.121614,
      "Z": 1.464267
    },
    {
      "Name": "CayoPerico - Botín del aeropuerto #01",
      "Pitch": -0.000000,
      "Roll": -0.000000,
      "X": 4504.116211,
      "Y": -4555.046387,
      "Yaw": -2.873294,
      "Z": 2.871900
    },
    {
      "Name": "CayoPerico - Botín del aeropuerto #02",
      "Pitch": -0.000000,
      "Roll": 0.000001,
      "X": 4437.779785,
      "Y": -4447.757812,
      "Yaw": 0.430825,
      "Z": 3.028435
    },
    {
      "Name": "CayoPerico - Puerta de botín principal",
      "Pitch": 0.000000,
      "Roll": -0.000000,
      "X": 5009.156738,
      "Y": -5753.715820,
      "Yaw": 2.269344,
      "Z": 14.173852
    },
    {
      "Name": "CayoPerico - Punto Seguro Norte",
      "Pitch": -0.000000,
      "Roll": 0.000000,
      "X": 4961.050781,
      "Y": -5791.280762,
      "Yaw": -0.999060,
      "Z": 24.966309
    },
    {
      "Name": "Ubicaciones de casinos",
      "Pitch": -0.000010,
      "Roll": 0.000002,
      "X": 4971.205566,
      "Y": -5704.854492,
      "Yaw": -2.158109,
      "Z": 18.586971
    },
    {
      "Name": "Vestíbulo del personal Entrada-Casino exterior",
      "Pitch": 0.014492,
      "Roll": 0.115226,
      "X": 960.168335,
      "Y": -14.924523,
      "Yaw": -0.685550,
      "Z": 78.754761
    },
    {
      "Name": "Vestíbulo de la bóveda de efectivo",
      "Pitch": 0.000000,
      "Roll": 0.000000,
      "X": 2521.761719,
      "Y": -287.359192,
      "Yaw": 0.000000,
      "Z": -60.022976
    },
    {
      "Name": "Tarjeta de acceso Mantrap1",
      "Pitch": 0.000000,
      "Roll": 0.000000,
      "X": 2469.561279,
      "Y": -280.093719,
      "Yaw": 0.000000,
      "Z": -71.994148
    },
    {
      "Name": "Bóveda exterior",
      "Pitch": 0.000000,
      "Roll": 0.000000,
      "X": 2500.535889,
      "Y": -239.953308,
      "Yaw": 0.000000,
      "Z": -72.037086
    },
    {
      "Name": "Bóveda interior",
      "Pitch": 0.000000,
      "Roll": 0.000000,
      "X": 2515.317139,
      "Y": -238.673294,
      "Yaw": 0.000000,
      "Z": -72.037102
    },
    {
      "Name": "Hackear",
      "Pitch": 0.000000,
      "Roll": 0.000000,
      "X": 2520.383789,
      "Y": -222.318130,
      "Yaw": 0.000000,
      "Z": -72.037170
    },
    {
      "Name": "Hackear la bóveda 1",
      "Pitch": 0.000000,
      "Roll": 0.000000,
      "X": 2510.261475,
      "Y": -224.366699,
      "Yaw": 0.000000,
      "Z": -72.037163
    },
    {
      "Name": "Hackear la bóveda 2",
      "Pitch": 0.000000,
      "Roll": 0.000000,
      "X": 2533.521729,
      "Y": -225.209366,
      "Yaw": 0.000000,
      "Z": -72.037163
    },
    {
      "Name": "Hackear la bóveda 3",
      "Pitch": 0.000000,
      "Roll": 0.000000,
      "X": 2537.823486,
      "Y": -237.452118,
      "Yaw": 0.000000,
      "Z": -72.037163
    },
    {
      "Name": "Hackear la bóveda 4",
      "Pitch": 0.000000,
      "Roll": 0.000000,
      "X": 2534.049561,
      "Y": -248.194931,
      "Yaw": 0.000000,
      "Z": -72.037163
    },
    {
      "Name": "Hackear la bóveda 5",
      "Pitch": 0.000000,
      "Roll": 0.000000,
      "X": 2520.342773,
      "Y": -255.425705,
      "Yaw": 0.000000,
      "Z": -72.037178
    },
    {
      "Name": "Hackear la bóveda 6",
      "Pitch": 0.000000,
      "Roll": 0.000000,
      "X": 2509.844238,
      "Y": -250.968552,
      "Yaw": 0.000000,
      "Z": -72.037170
    },
    {
      "Name": "Vestíbulo del personal Entrada/Salida-Casino interior",
      "Pitch": 0.000000,
      "Roll": 0.000000,
      "X": 2549.139893,
      "Y": -267.529999,
      "Yaw": 0.000000,
      "Z": -60.022987
    },
    {
      "Name": "CayoPerico - Botín principal en el interior",
      "Pitch": -0.000000,
      "Roll": -0.000000,
      "X": 5006.895508,
      "Y": -5755.962891,
      "Yaw": 2.555207,
      "Z": 14.186773
    },
    {
      "Name": "Unknown",
      "Pitch": -0.000000,
      "Roll": 0.000000,
      "X": 4990.033691,
      "Y": -5718.134766,
      "Yaw": 0.194159,
      "Z": 18.550211
    },
    {
      "Name": "Unknown",
      "Pitch": -0.000000,
      "Roll": 0.000000,
      "X": 5008.957520,
      "Y": -5752.372559,
      "Yaw": -0.092490,
      "Z": 14.184453
    },
    {
      "Name": "Unknown",
      "Pitch": -0.000000,
      "Roll": 0.000000,
      "X": 5008.957520,
      "Y": -5752.372559,
      "Yaw": -0.092490,
      "Z": 14.184453
    },
    {
      "Name": "Unknown",
      "Pitch": -0.000000,
      "Roll": 0.000000,
      "X": 5008.957520,
      "Y": -5752.372559,
      "Yaw": -0.092490,
      "Z": 14.184453
    },
    {
      "Name": "Unknown",
      "Pitch": -0.000000,
      "Roll": 0.000000,
      "X": 5008.957520,
      "Y": -5752.372559,
      "Yaw": -0.092490,
      "Z": 14.184453
    },
    {
      "Name": "Unknown",
      "Pitch": -0.000000,
      "Roll": 0.000000,
      "X": 5008.973145,
      "Y": -5752.365723,
      "Yaw": -0.170735,
      "Z": 14.184453
    },
    {
      "Name": "Unknown",
      "Pitch": -0.000000,
      "Roll": 0.000000,
      "X": 5009.083496,
      "Y": -5752.230957,
      "Yaw": -0.469161,
      "Z": 14.184453
    },
    {
      "Name": "Unknown",
      "Pitch": -0.000000,
      "Roll": 0.000000,
      "X": 5009.229980,
      "Y": -5752.067871,
      "Yaw": -0.684642,
      "Z": 14.184453
    },
    {
      "Name": "Unknown",
      "Pitch": 0.000794,
      "Roll": -0.039318,
      "X": 4976.045410,
      "Y": -5703.845703,
      "Yaw": -1.989212,
      "Z": -0.109020
    }
  ]
}